{
  "hash": "4ee2cc61",
  "browserHash": "1853cf58",
  "optimized": {
    "@angular/common": {
      "src": "../../../../../node_modules/@angular/common/fesm2022/common.mjs",
      "file": "@angular_common.js",
      "fileHash": "6abf0657",
      "needsInterop": false
    },
    "@angular/core": {
      "src": "../../../../../node_modules/@angular/core/fesm2022/core.mjs",
      "file": "@angular_core.js",
      "fileHash": "f8c36cd0",
      "needsInterop": false
    },
    "@angular/platform-browser": {
      "src": "../../../../../node_modules/@angular/platform-browser/fesm2022/platform-browser.mjs",
      "file": "@angular_platform-browser.js",
      "fileHash": "6a2d9c97",
      "needsInterop": false
    },
    "@angular/router": {
      "src": "../../../../../node_modules/@angular/router/fesm2022/router.mjs",
      "file": "@angular_router.js",
      "fileHash": "b6b56c5e",
      "needsInterop": false
    },
    "@angular/common/http": {
      "src": "../../../../../node_modules/@angular/common/fesm2022/http.mjs",
      "file": "@angular_common_http.js",
      "fileHash": "82d9719d",
      "needsInterop": false
    },
    "@angular/forms": {
      "src": "../../../../../node_modules/@angular/forms/fesm2022/forms.mjs",
      "file": "@angular_forms.js",
      "fileHash": "d686c62b",
      "needsInterop": false
    }
  },
  "chunks": {
    "chunk-SS5KXQBK": {
      "file": "chunk-SS5KXQBK.js"
    },
    "chunk-RWPS22EK": {
      "file": "chunk-RWPS22EK.js"
    },
    "chunk-WTKTNTGT": {
      "file": "chunk-WTKTNTGT.js"
    },
    "chunk-IH2XHIWS": {
      "file": "chunk-IH2XHIWS.js"
    }
  }
}